"","lizard_id","clutch","age","temp","cort","choice_slope__mean","choice_slope__sd","choice_slope__se","errors_slope__mean","errors_slope__sd","errors_slope__se"
"1",2851,"CL786_24",60,"Cold","CORT",-0.0111920747116748,0.0135009619031776,8.71483343479792e-05,0.00617244838259892,0.0113806344579946,7.34616795418125e-05
"2",2873,"CL794_24",58,"Cold","Control",0.000744207260661492,0.0121016153471815,7.81155911697368e-05,-0.0206632988822481,0.0114661767036183,7.40138523629754e-05
"3",2885,"CL797_24",62,"Cold","CORT",0.00354461522378221,0.0119782908014949,7.73195346503656e-05,-0.0118024792339361,0.0109074326605351,7.04071750735522e-05
"4",2904,"CL802_24",60,"Cold","Control",-0.00397048949895076,0.0123933034138903,7.99984295441544e-05,-0.0139637871247448,0.011527786969711,7.44115449205292e-05
"5",2908,"CL803_24",58,"Cold","Control",0.000483296205485807,0.0122835002526313,7.92896531859596e-05,0.0127531658115967,0.0104607356699297,6.75237583978596e-05
"6",2911,"CL803_24",58,"Cold","CORT",0.0102644456247986,0.0122952484167363,7.93654872591714e-05,-0.0223633229233527,0.0117100845810173,7.55882709416004e-05
"7",2919,"CL806_24",62,"Cold","CORT",-0.000376618920564841,0.0123307294928181,7.95945166204553e-05,-0.0127479168672944,0.0113386775742249,7.31908490216476e-05
"8",2922,"CL807_24",58,"Cold","Control",-0.00420680064968455,0.0128019637154227,8.26363204476393e-05,0.00899000216810295,0.0102100291209195,6.590545458269e-05
"9",2924,"CL807_24",60,"Cold","CORT",0.00848272230698642,0.0130889382117201,8.4488732855883e-05,-0.0249157285381463,0.0124336866568205,8.02591022563783e-05
"10",2925,"CL807_24",76,"Hot","CORT",0.0160130129784688,0.013982800912804,9.02585917810398e-05,-0.0184178247312585,0.0125311134327143,8.08879893905639e-05
"11",2926,"CL808_24",58,"Cold","Control",-0.0037429912897427,0.0119959403994114,7.74334623150285e-05,-0.00645863402599945,0.00996578661773294,6.4328876003894e-05
"12",2928,"CL808_24",58,"Cold","Control",-0.00718287282966441,0.0131598624301435,8.49465467172105e-05,0.00210446996624015,0.0121787297089337,7.86133622344365e-05
"13",2930,"CL808_24",58,"Cold","CORT",0.00579521815127775,0.0121598656518261,7.84915952694036e-05,-0.0329620457522139,0.0127210501676186,8.21140257424264e-05
"14",2931,"CL808_24",76,"Hot","CORT",-0.00603053581402154,0.0126800813790753,8.18495733495225e-05,-0.0280082435897019,0.0116685726365762,7.53203124924523e-05
"15",2950,"CL813_24",76,"Hot","CORT",-0.00414672969420194,0.012532882013276,8.08994055290007e-05,-0.0130265162328631,0.0123182833676234,7.95141772277821e-05
"16",2951,"CL813_24",76,"Hot","CORT",-0.0120436920195144,0.0137451385456405,8.87244877976319e-05,-0.0111223903286439,0.0115009499367509,7.42383126176694e-05
"17",2952,"CL813_24",58,"Cold","Control",-0.0012006346183249,0.012263336829193,7.91594988473275e-05,-0.0280149150397838,0.0120295473836475,7.76503944654665e-05
"18",2953,"CL813_24",60,"Cold","CORT",0.00115553164307433,0.012936975066884,8.35078149739035e-05,-0.024358089963742,0.0122113172417194,7.88237138540582e-05
"19",2958,"CL815_24",55,"Cold","CORT",-0.00381606251755818,0.0125212915251952,8.08245892501483e-05,-0.0029291008733143,0.011442296167502,7.38597041651805e-05
"20",2959,"CL815_24",58,"Cold","Control",0.00364058635989256,0.0120086394235442,7.75154341633276e-05,-0.00631530322806041,0.0117939245336917,7.61294555090253e-05
"21",2960,"CL815_24",55,"Cold","CORT",0.0205755034724837,0.0140981797967757,9.10033592745837e-05,-0.0279879165172223,0.0128966977518867,8.32478260235463e-05
"22",2961,"CL815_24",76,"Hot","CORT",0.00616054167074235,0.0122106888163001,7.88196573854192e-05,-0.00488428453008292,0.0103845557501561,6.70320191301948e-05
"23",2967,"CL817_24",55,"Cold","CORT",-0.011197659908811,0.0136698175058595,8.82382925764804e-05,-0.016094154553642,0.0119072712866644,7.68611056533753e-05
"24",2968,"CL817_24",58,"Cold","Control",-0.00306836701642763,0.0123813074763859,7.99209961005267e-05,0.00535292005383106,0.0109658030591789,7.07839543766505e-05
"25",2970,"CL817_24",76,"Hot","CORT",-0.00190432743363799,0.0126648995239496,8.17515748960783e-05,-0.00608542059330643,0.0110649099107022,7.14236863523919e-05
"26",2971,"CL817_24",58,"Cold","Control",-0.00692155970078375,0.0127950113336202,8.25914430160771e-05,0.00246323622582545,0.0106445787937375,6.87104606592299e-05
"27",2981,"CL820_24",53,"Cold","CORT",0.00991671987577247,0.0124205356215882,8.01742126889783e-05,-0.00493027612915497,0.0119736949307454,7.72898684322421e-05
"28",2982,"CL820_24",69,"Hot","Control",0.0142292637110616,0.0127533661014591,8.23226241983956e-05,-0.0129271082078274,0.0122337054547381,7.8968229147679e-05
"29",2983,"CL820_24",53,"Cold","Control",-0.0188965212875967,0.0153430728309326,9.90391092564156e-05,0.00521516748001947,0.0106417599393485,6.86922650323901e-05
"30",2984,"CL820_24",72,"Hot","Control",0.000660122849895695,0.0123364102584647,7.96311858050267e-05,-0.0146982383811756,0.0114866828749976,7.41462191300526e-05
"31",2993,"CL822_24",72,"Hot","CORT",0.0140591027498438,0.0130221892939055,8.40578704440942e-05,-0.0109518056139243,0.0120470916628558,7.77636423007913e-05
"32",2995,"CL822_24",53,"Cold","CORT",-0.00824004250107927,0.0129144377377392,8.33623371398276e-05,-0.0018605409890785,0.0108889363600537,7.02877819673341e-05
"33",2997,"CL822_24",69,"Hot","Control",0.00439429134951096,0.0121033331455349,7.81266795104284e-05,-0.0130731497432249,0.0123977007284002,8.00268140872628e-05
"34",3009,"CL825_24",58,"Cold","Control",0.00212259385261563,0.0124716579844595,8.0504206122344e-05,-0.0297248529915974,0.012300592549955,7.93999834907648e-05
"35",3014,"CL827_24",74,"Hot","Control",0.000657110056092271,0.0120851250080218,7.80091464881719e-05,0.01616889820182,0.0109529509335995,7.0700994262763e-05
"36",3023,"CL830_24",74,"Hot","CORT",-0.00646099321249701,0.0129813340597125,8.37941510413692e-05,-0.011255390010512,0.0113874315338304,7.35055544776705e-05
"37",3024,"CL830_24",76,"Hot","Control",0.000395582281252124,0.0126795109107268,8.18458909921668e-05,-0.0224978239906255,0.0111108945526902,7.17205159400598e-05
"38",3025,"CL830_24",58,"Cold","Control",-0.000230978434188183,0.0124803383866842,8.05602378777687e-05,-0.00718985426488533,0.0111184152445356,7.17690617971748e-05
"39",3029,"CL831_24",76,"Hot","Control",0.0180200861353319,0.0133334942816661,8.60673354994075e-05,-0.02214109146387,0.0133656918772903,8.62751700854753e-05
"40",3031,"CL831_24",55,"Cold","Control",0.00388770125859617,0.0119358953892028,7.70458734407604e-05,-0.0178038966916814,0.0115236878293759,7.43850850834435e-05
"41",3033,"CL831_24",74,"Hot","Control",-0.00298992344870833,0.0123006022081066,7.94000458338648e-05,-0.012365864178895,0.0119318186328005,7.70195580913396e-05
"42",3034,"CL831_24",58,"Cold","CORT",-0.00637813464689803,0.0126295756649089,8.15235603664311e-05,-0.00415094258267825,0.0107163265117664,6.91735901876538e-05
"43",3038,"CL833_24",58,"Cold","Control",0.00323378515772838,0.0120639560308723,7.78725013282452e-05,0.000481720113383424,0.0109482848498441,7.06708748216356e-05
"44",3039,"CL833_24",55,"Cold","CORT",0.0127723195707984,0.0130286168172236,8.40993599287079e-05,-0.00875842570966932,0.0114248865979294,7.37473258768147e-05
"45",3040,"CL833_24",76,"Hot","Control",-0.000676375103809335,0.012481383473129,8.05669838817619e-05,-0.00584177410611627,0.0118873575725176,7.67325631812889e-05
"46",3041,"CL833_24",76,"Hot","CORT",-0.0113310475011417,0.0136927773185615,8.83864975301919e-05,0.00602628119305937,0.0110743631996245,7.14847070699966e-05
"47",3042,"CL834_24",53,"Cold","Control",0.0139272358003073,0.0127711919547149,8.24376895863815e-05,-0.0245034166633091,0.0133592462936516,8.62335640219929e-05
"48",3051,"CL836_24",72,"Hot","CORT",-0.00760084710803271,0.0129703407242139,8.37231893658604e-05,-0.015048004326976,0.0107976468506585,6.9698510718049e-05
"49",3065,"CL842_24",55,"Cold","Control",0.00400873593718697,0.0120244300986628,7.76173625329268e-05,-0.0211337258219171,0.0125465967740946,8.09879339294133e-05
"50",3078,"CL846_24",53,"Cold","Control",0.00915159430926353,0.0133002860514817,8.58529772953057e-05,-0.00905294095613758,0.0117066001307326,7.55657789117282e-05
"51",3079,"CL846_24",69,"Hot","Control",0.00600605847170234,0.0119748435767402,7.72972829102564e-05,-0.00266852330712562,0.0121518292444286,7.84397204827135e-05
"52",3081,"CL846_24",69,"Hot","CORT",-0.0106785553319601,0.0136548584774946,8.81417324635931e-05,-0.00852714124819009,0.0114214959279933,7.37254391964895e-05
"53",3082,"CL847_24",67,"Hot","Control",0.01384534102892,0.012719052725643,8.21011323099159e-05,-0.00798311893758154,0.0109028831096139,7.03778078486348e-05
"54",3086,"CL848_24",69,"Hot","Control",0.00676290686268504,0.0124937254389609,8.06466509286391e-05,-0.0188023985691545,0.0121441417507204,7.83900979242037e-05
"55",3090,"CL848_24",69,"Hot","Control",-0.00361692436343733,0.0122860695687583,7.93062380502444e-05,-0.000878313212725309,0.0115051199573854,7.42652299851202e-05
"56",3093,"CL849_24",58,"Cold","Control",-0.0134976353048264,0.0140909454573951,9.09566618146807e-05,-0.00508970013912424,0.0110556519061115,7.13639261897267e-05
"57",3095,"CL849_24",55,"Cold","Control",0.000125506037097454,0.0123403356793226,7.96565242877093e-05,-0.0070214516568553,0.0109292373231878,7.05479235657579e-05
"58",3098,"CL850_24",69,"Hot","Control",-0.00798312484617845,0.0129369225829169,8.35074761913531e-05,-0.0204716726580326,0.0115004966110342,7.42353864127503e-05
"59",3099,"CL851_24",69,"Hot","CORT",-0.00639003488819698,0.0133893084740867,8.64276145622859e-05,-0.00804093890599391,0.0123730676308945,7.98678081265873e-05
"60",3100,"CL851_24",49,"Cold","CORT",-0.00962162806772311,0.013148756469816,8.48748580515573e-05,0.00294221931832093,0.0121350447894057,7.83313772914154e-05
"61",3102,"CL851_24",67,"Hot","Control",0.0117646883076813,0.0127429255583582,8.225523078247e-05,-0.0298844468508114,0.0122608395646437,7.91433790739764e-05
"62",3103,"CL851_24",51,"Cold","CORT",-0.0119070438514435,0.0139102011427721,8.97899622805865e-05,0.0188130048826381,0.0110563725484298,7.13685779158888e-05
"63",3109,"CL852_24",65,"Hot","Control",-0.00488213680339547,0.0126634980767043,8.17425285930091e-05,0.0184081257889295,0.0111707010317535,7.21065651024053e-05
"64",3154,"CL865_24",65,"Hot","Control",-0.0145218162353321,0.014204469787677,9.16894582156322e-05,0.0120017613709324,0.0102741413587149,6.63192972981394e-05
"65",3155,"CL865_24",65,"Cold","CORT",0.0124923146550679,0.0125494550244529,8.10063838561417e-05,-0.0162313962498255,0.0127904568141969,8.25620437196166e-05
"66",3157,"CL865_24",65,"Hot","CORT",-0.0194972867526199,0.0153717803787663,9.92244156808661e-05,-0.00758606201822784,0.0107651771686882,6.94889198221692e-05
"67",3158,"CL865_24",49,"Cold","CORT",0.0115329215566604,0.0125393356708414,8.09410637094559e-05,-0.021612033789057,0.0123970008049311,8.00222961006969e-05
"68",3159,"CL865_24",67,"Hot","Control",-0.0068782728212973,0.0128033715469316,8.26454079609533e-05,0.00114963841211086,0.0113637870978208,7.3352930299511e-05
"69",3176,"CL869_24",67,"Hot","CORT",-0.00312717960593091,0.0122718464884154,7.92144284614113e-05,-0.00390002032408811,0.0112704807966447,7.2750640715259e-05
"70",3178,"CL869_24",65,"Hot","Control",0.00989005070345987,0.0123528162642484,7.97370861169903e-05,-0.02370860940102,0.0124360730743957,8.02745065155883e-05
"71",3179,"CL869_24",65,"Hot","CORT",-0.0046254041678373,0.012603877233046,8.13576777020503e-05,-0.0081571377701605,0.0110797577496446,7.15195287406434e-05
"72",3188,"CL872_24",62,"Hot","CORT",0.00464430910480392,0.0121225393324122,7.82506549136283e-05,-0.0259154343008892,0.0115342126253378,7.44530223492476e-05
"73",3191,"CL872_24",62,"Hot","CORT",0.0230241026496968,0.0147776232987916,9.53891482212441e-05,-0.0395789751963901,0.012816045122626,8.27272155402888e-05
"74",3193,"CL873_24",60,"Hot","Control",0.00746061847842514,0.0122308838114575,7.89500155186212e-05,-0.0170744058569232,0.0121994969499018,7.87474141984632e-05
"75",3195,"CL873_24",62,"Hot","CORT",0.00668615477301733,0.0120432059266625,7.77385599815169e-05,-0.0169124499394096,0.0116319907651732,7.50841775279239e-05
"76",3198,"CL874_24",62,"Hot","CORT",-0.00862985583527861,0.0133982704966336,8.64854641690733e-05,0.0112605804559098,0.0107080338431979,6.91200612422181e-05
"77",3200,"CL874_24",44,"Cold","CORT",0.0174016305925474,0.0132119234674579,8.52825992680525e-05,-0.0193673510322733,0.0126700247452282,8.17846580571743e-05
"78",3201,"CL874_24",65,"Hot","Control",-0.0147104404833525,0.0141268925557472,9.11886993367843e-05,-0.00767062515732767,0.0110194905309764,7.11305055169364e-05
"79",3212,"CL872_24",46,"Cold","CORT",0.00308339448806108,0.0118815737902558,7.66952290273252e-05,-0.010007112256638,0.0109066884076581,7.04023709418887e-05
